{
  "timestamp": "2026-02-12 09:17:36",
  "prompts": [
    "yeah im doing pretty good, hows everything with you",
    "oh thats so cool, tell me more about that",
    "aww that sounds really tough, im sorry youre dealing with that",
    "oh my gosh thats hilarious, i cant believe that happened",
    "hmm yeah that makes sense, ive been thinking about that too",
    "honestly i think thats a great idea, you should definitely go for it",
    "yeah i know what you mean, sometimes things just dont work out",
    "oh really",
    "yeah for sure",
    "hmm thats interesting",
    "well you know what i think, lets just go for it",
    "that reminds me of something that happened last week",
    "mhm",
    "wow thats amazing",
    "okay cool, thanks for letting me know"
  ],
  "new_params": {
    "temperature": 0.6,
    "top_p": 0.9,
    "top_k": 50,
    "min_p": 0.05,
    "repeat_penalty": 1.1,
    "repeat_last_n": 64,
    "dry_multiplier": 0.8,
    "dry_base": 1.75,
    "dry_allowed_length": 3,
    "dry_penalty_last_n": 128,
    "logit_bias": [
      [
        128258,
        -3.0
      ]
    ]
  },
  "results": {
    "tara": {
      "mean": 3.54559383392334,
      "std": 0.5271032807545284,
      "min": 2.349438190460205,
      "max": 4.213598251342773,
      "scores": [
        4.0905351638793945,
        3.838705062866211,
        3.191004753112793,
        3.7617361545562744,
        3.0136094093322754,
        3.591519355773926,
        4.213598251342773,
        2.981354236602783,
        3.994096279144287,
        3.6113905906677246,
        4.011663913726807,
        3.9879424571990967,
        2.349438190460205,
        2.8461852073669434,
        3.7011284828186035
      ],
      "params": "new"
    },
    "leah": {
      "mean": 4.165165376663208,
      "std": 0.3331621723851317,
      "min": 3.3448197841644287,
      "max": 4.48982572555542,
      "scores": [
        4.478785991668701,
        4.2139387130737305,
        4.172588348388672,
        4.454081058502197,
        3.574763298034668,
        4.15352201461792,
        4.477420330047607,
        4.256946086883545,
        4.271421909332275,
        4.354224681854248,
        3.8603415489196777,
        3.9563779830932617,
        3.3448197841644287,
        4.48982572555542,
        4.418423175811768
      ],
      "params": "new"
    },
    "jess": {
      "mean": 4.248842700322469,
      "std": 0.3920288163249546,
      "min": 3.262664556503296,
      "max": 4.514906406402588,
      "scores": [
        4.455358982086182,
        4.471400737762451,
        4.3283586502075195,
        4.168457984924316,
        3.282013416290283,
        4.425473213195801,
        4.412314414978027,
        4.443759918212891,
        4.363884925842285,
        4.279716491699219,
        4.417830467224121,
        4.455857753753662,
        3.262664556503296,
        4.4506425857543945,
        4.514906406402588
      ],
      "params": "new"
    },
    "leo": {
      "mean": 4.029798094431559,
      "std": 0.3289206206471904,
      "min": 3.381653308868408,
      "max": 4.384966850280762,
      "scores": [
        4.347288131713867,
        4.357942581176758,
        3.5780792236328125,
        4.236386299133301,
        3.6012754440307617,
        4.172557353973389,
        4.333707809448242,
        4.384966850280762,
        4.038797378540039,
        3.5710484981536865,
        3.9977967739105225,
        4.0286455154418945,
        3.381653308868408,
        4.365973472595215,
        4.0508527755737305
      ],
      "params": "new"
    },
    "dan": {
      "mean": 4.168763176600138,
      "std": 0.3063274370128042,
      "min": 3.2410244941711426,
      "max": 4.40463924407959,
      "scores": [
        4.40463924407959,
        4.247766494750977,
        4.3569159507751465,
        4.255939483642578,
        4.123568534851074,
        4.316991806030273,
        4.272465705871582,
        3.2410244941711426,
        4.286503791809082,
        3.621622323989868,
        4.160440444946289,
        4.357670307159424,
        4.259904861450195,
        4.377436637878418,
        4.2485575675964355
      ],
      "params": "new"
    },
    "mia": {
      "mean": 3.68690710067749,
      "std": 0.6221026756390691,
      "min": 1.9782943725585938,
      "max": 4.443540573120117,
      "scores": [
        3.624173164367676,
        3.9394266605377197,
        4.432198524475098,
        3.5438296794891357,
        3.982816696166992,
        3.6565420627593994,
        3.6473746299743652,
        2.9201035499572754,
        4.021635055541992,
        3.00999116897583,
        4.228796005249023,
        3.904125213623047,
        1.9782943725585938,
        4.443540573120117,
        3.970759153366089
      ],
      "params": "new"
    },
    "zac": {
      "mean": 4.172185595830282,
      "std": 0.4441761610566658,
      "min": 2.667839527130127,
      "max": 4.513095855712891,
      "scores": [
        4.3382062911987305,
        4.472349166870117,
        4.232858180999756,
        4.415661334991455,
        4.343874931335449,
        4.485584259033203,
        4.079241752624512,
        4.317704200744629,
        4.1726579666137695,
        4.119717121124268,
        4.153343200683594,
        4.513095855712891,
        2.667839527130127,
        3.791703462600708,
        4.478946685791016
      ],
      "params": "new"
    },
    "zoe": {
      "mean": 4.032496706644694,
      "std": 0.5441553597116074,
      "min": 2.530778408050537,
      "max": 4.468027591705322,
      "scores": [
        2.530778408050537,
        4.067775726318359,
        3.9138593673706055,
        4.409168243408203,
        3.352646827697754,
        4.468027591705322,
        4.226071357727051,
        4.438005447387695,
        4.177420139312744,
        4.193190574645996,
        4.353461265563965,
        4.349888801574707,
        3.220134735107422,
        4.347415447235107,
        4.439606666564941
      ],
      "params": "new"
    },
    "jess_old_params": {
      "mean": 4.1851321379343664,
      "std": 0.4074743968262646,
      "min": 3.004390239715576,
      "max": 4.456727981567383,
      "scores": [
        4.280890464782715,
        4.389186859130859,
        4.4509429931640625,
        4.359719276428223,
        3.4352753162384033,
        4.4232282638549805,
        4.411281585693359,
        4.304385662078857,
        4.396790504455566,
        3.997164249420166,
        4.377066612243652,
        4.421319007873535,
        3.004390239715576,
        4.456727981567383,
        4.068613052368164
      ],
      "params": "old"
    }
  }
}